OrderID,Customer,Product,Category,Sales,Quantity,OrderDate
1051,Charlie,Laptop,Accessories,1547.32,8,03-13-2024
1052,Bob,Printer,Accessories,540.73,8,03-15-2024
1053,Charlie,Printer,Accessories,250.85,2,03-17-2024
1054,Isaac,Headphones,Accessories,379.23,8,01-12-2024
1055,Olivia,Camera,Mobile Devices,1167.02,1,03-30-2024
1056,Noah,Phone,Electronics,1060.26,7,03-28-2024
1057,Noah,Headphones,Accessories,161.58,4,01-25-2024
1058,Olivia,Headphones,Accessories,258.71,2,02-10-2024
1059,Hannah,Printer,Accessories,393.67,8,02-01-2024
1060,Jack,Laptop,Accessories,1198.45,4,02-24-2024
1061,Isaac,Printer,Accessories,488.83,4,02-22-2024
1062,David,Mouse,Accessories,341.21,8,03-07-2024
1063,Ava,Phone,Electronics,1193.29,6,03-18-2024
1064,Hannah,Smartwatch,Computers,388.21,4,02-20-2024
1065,Hannah,Mouse,Accessories,423.84,1,02-04-2024
1066,Emma,Monitor,Computers,926.59,8,01-20-2024
1067,Grace,Printer,Accessories,478.77,7,02-13-2024
1068,Isaac,Printer,Accessories,497.2,2,03-25-2024
1069,Isaac,Monitor,Computers,1268.68,8,03-08-2024
1070,Alice,Monitor,Computers,781.03,3,02-21-2024
1071,Liam,Camera,Mobile Devices,431.73,2,01-09-2024
1072,Noah,Keyboard,Accessories,813.24,2,02-14-2024
1073,Isaac,Printer,Accessories,269.94,8,02-22-2024
1074,Olivia,Monitor,Computers,462.87,2,02-21-2024
1075,Jack,Keyboard,Accessories,313.64,6,02-18-2024
1076,Frank,Phone,Electronics,603.14,4,01-17-2024
1077,Noah,Printer,Accessories,345.91,9,02-07-2024
1078,Charlie,Tablet,Accessories,992.82,9,03-24-2024
1079,Noah,Printer,Accessories,318.94,1,02-26-2024
1080,Liam,Laptop,Accessories,1244.55,7,01-04-2024
1081,Bob,Phone,Electronics,418.63,5,01-06-2024
1082,Sophia,Monitor,Computers,686.87,2,03-08-2024
1083,Ava,Mouse,Accessories,103.95,5,02-29-2024
1084,Alice,Printer,Accessories,374.9,6,03-14-2024
1085,David,Headphones,Accessories,376.85,1,02-19-2024
1086,David,Phone,Electronics,715.93,7,02-15-2024
1087,Liam,Headphones,Accessories,207.38,1,01-08-2024
1088,Liam,Headphones,Accessories,205.84,8,01-06-2024
1089,Isaac,Phone,Electronics,887.3,2,01-20-2024
1090,Jack,Camera,Mobile Devices,1262.38,6,03-17-2024
1091,Liam,Keyboard,Accessories,317.48,9,01-28-2024
1092,Charlie,Tablet,Accessories,403.85,7,02-04-2024
1093,Grace,Camera,Mobile Devices,927.51,10,01-09-2024
1094,Isaac,Printer,Accessories,397.3,10,03-19-2024
1095,David,Laptop,Accessories,1334.32,6,03-29-2024
1096,Noah,Mouse,Accessories,533.3,10,01-04-2024
1097,Charlie,Keyboard,Accessories,853.17,10,03-13-2024
1098,Liam,Monitor,Computers,709.53,3,02-13-2024
1099,Grace,Mouse,Accessories,472.61,1,02-16-2024
1100,Charlie,Smartwatch,Computers,588.21,3,01-31-2024
1101,Charlie,Tablet,Accessories,415.84,10,01-24-2024
1102,David,Camera,Mobile Devices,343.88,7,01-05-2024
1103,Bob,Laptop,Accessories,1442.27,3,03-18-2024
1104,Emma,Keyboard,Accessories,599.73,1,03-31-2024
1105,Jack,Smartwatch,Computers,314.3,4,01-17-2024
1106,Liam,Printer,Accessories,578.28,9,01-29-2024
1107,Sophia,Camera,Mobile Devices,424.91,3,02-11-2024
1108,Jack,Mouse,Accessories,597.74,1,02-04-2024
1109,Bob,Smartwatch,Computers,551.32,7,03-19-2024
1110,Emma,Tablet,Accessories,874.66,6,02-25-2024
1111,David,Monitor,Computers,347.29,2,03-04-2024
1112,Ava,Printer,Accessories,206.0,9,01-15-2024
1113,Frank,Tablet,Accessories,1161.94,10,01-26-2024
1114,Jack,Printer,Accessories,415.36,8,03-22-2024
1115,Charlie,Printer,Accessories,264.86,3,02-03-2024
1116,Jack,Printer,Accessories,546.26,6,01-18-2024
1117,Liam,Laptop,Accessories,1239.34,5,03-31-2024
1118,Liam,Tablet,Accessories,1172.49,5,01-14-2024
1119,Sophia,Phone,Electronics,1055.07,10,01-06-2024
1120,Jack,Keyboard,Accessories,347.63,3,03-24-2024
1121,Noah,Camera,Mobile Devices,551.72,3,03-04-2024
1122,Hannah,Printer,Accessories,351.87,4,02-25-2024
1123,Isaac,Mouse,Accessories,422.18,4,02-03-2024
1124,Ava,Camera,Mobile Devices,679.0,5,01-14-2024
1125,Hannah,Mouse,Accessories,299.31,10,01-31-2024
1126,Charlie,Headphones,Accessories,165.35,9,03-20-2024
1127,Hannah,Phone,Electronics,1216.48,7,03-17-2024
1128,Bob,Laptop,Accessories,952.22,4,01-12-2024
1129,Noah,Mouse,Accessories,199.22,3,02-20-2024
1130,Noah,Smartwatch,Computers,598.67,9,01-19-2024
1131,Liam,Smartwatch,Computers,556.35,7,02-11-2024
1132,Olivia,Smartwatch,Computers,526.74,1,01-24-2024
1133,Alice,Printer,Accessories,300.13,1,02-14-2024
1134,Isaac,Smartwatch,Computers,473.11,2,01-16-2024
1135,Hannah,Keyboard,Accessories,313.88,1,03-10-2024
1136,Alice,Camera,Mobile Devices,686.22,4,01-23-2024
1137,Frank,Mouse,Accessories,421.59,4,02-14-2024
1138,Charlie,Mouse,Accessories,598.22,9,01-23-2024
1139,Olivia,Phone,Electronics,1031.01,8,02-03-2024
1140,Alice,Keyboard,Accessories,414.74,7,03-17-2024
1141,Bob,Phone,Electronics,893.38,8,01-13-2024
1142,Sophia,Headphones,Accessories,106.05,10,02-26-2024
1143,Bob,Printer,Accessories,207.49,7,02-13-2024
1144,Charlie,Printer,Accessories,309.53,4,01-15-2024
1145,Ava,Laptop,Accessories,1424.51,5,03-30-2024
1146,Alice,Tablet,Accessories,1225.78,6,02-29-2024
1147,Hannah,Headphones,Accessories,159.41,1,03-27-2024
1148,Alice,Mouse,Accessories,452.62,1,03-31-2024
1149,Grace,Smartwatch,Computers,688.38,7,02-15-2024
1150,Charlie,Laptop,Accessories,1411.23,10,01-22-2024
1151,Charlie,Mouse,Accessories,145.02,7,01-03-2024
1152,Hannah,Headphones,Accessories,350.63,9,03-20-2024
1153,Sophia,Keyboard,Accessories,178.7,4,03-06-2024
1154,Liam,Phone,Electronics,985.78,7,03-15-2024
1155,Emma,Printer,Accessories,297.61,2,02-27-2024
1156,Grace,Smartwatch,Computers,781.25,5,02-29-2024
1157,Olivia,Laptop,Accessories,1100.97,5,02-05-2024
1158,Isaac,Mouse,Accessories,410.28,5,02-02-2024
1159,Alice,Smartwatch,Computers,672.83,6,01-13-2024
1160,Isaac,Camera,Mobile Devices,595.23,3,03-14-2024
1161,Charlie,Printer,Accessories,285.46,3,01-16-2024
1162,Emma,Phone,Electronics,1403.37,6,03-16-2024
1163,Sophia,Smartwatch,Computers,774.25,9,01-25-2024
1164,Charlie,Laptop,Accessories,957.9,8,02-06-2024
1165,Bob,Printer,Accessories,406.68,10,03-16-2024
1166,Bob,Tablet,Accessories,483.8,2,02-22-2024
1167,Jack,Monitor,Computers,1284.77,8,02-22-2024
1168,David,Printer,Accessories,399.13,7,01-10-2024
1169,Bob,Printer,Accessories,331.26,4,02-16-2024
1170,Noah,Phone,Electronics,1318.46,8,03-17-2024
1171,Charlie,Phone,Electronics,939.38,7,03-07-2024
1172,Emma,Tablet,Accessories,499.0,4,01-25-2024
1173,Bob,Printer,Accessories,556.56,3,03-30-2024
1174,Ava,Smartwatch,Computers,497.04,1,02-16-2024
1175,Liam,Headphones,Accessories,342.55,10,03-17-2024
1176,Noah,Phone,Electronics,459.79,4,01-15-2024
1177,Liam,Printer,Accessories,508.46,1,03-11-2024
1178,Noah,Phone,Electronics,1056.64,4,02-29-2024
1179,Noah,Printer,Accessories,264.66,2,01-09-2024
1180,Sophia,Phone,Electronics,380.69,5,03-13-2024
1181,Emma,Laptop,Accessories,993.33,4,01-03-2024
1182,Alice,Monitor,Computers,929.45,6,03-02-2024
1183,Isaac,Keyboard,Accessories,320.11,3,02-03-2024
1184,Sophia,Smartwatch,Computers,732.64,4,02-04-2024
1185,Ava,Printer,Accessories,252.48,1,02-11-2024
1186,Frank,Headphones,Accessories,121.85,1,03-28-2024
1187,Noah,Printer,Accessories,587.37,4,01-26-2024
1188,Noah,Printer,Accessories,598.84,7,03-04-2024
1189,Ava,Phone,Electronics,1172.16,5,01-02-2024
1190,Hannah,Camera,Mobile Devices,1185.16,8,01-16-2024
1191,Sophia,Camera,Mobile Devices,388.21,1,03-20-2024
1192,Liam,Headphones,Accessories,209.25,4,02-13-2024
1193,Noah,Tablet,Accessories,449.25,6,02-01-2024
1194,Hannah,Camera,Mobile Devices,1078.69,10,02-24-2024
1195,Frank,Monitor,Computers,412.94,9,02-23-2024
1196,Noah,Keyboard,Accessories,855.04,8,03-31-2024
1197,Grace,Keyboard,Accessories,630.79,9,03-07-2024
1198,Noah,Camera,Mobile Devices,662.41,3,03-15-2024
1199,Liam,Smartwatch,Computers,447.56,3,03-09-2024
1200,Frank,Keyboard,Accessories,299.81,2,01-18-2024
1201,Alice,Laptop,Accessories,1190.79,6,03-03-2024
1202,Olivia,Phone,Electronics,685.39,2,01-08-2024
1203,Emma,Tablet,Accessories,828.46,9,02-19-2024
1204,Jack,Headphones,Accessories,124.35,8,01-01-2024
1205,Noah,Keyboard,Accessories,298.31,2,01-04-2024
1206,Emma,Monitor,Computers,1034.38,8,03-25-2024
1207,Olivia,Monitor,Computers,831.9,6,03-10-2024
1208,Hannah,Smartwatch,Computers,513.55,2,03-09-2024
1209,Bob,Keyboard,Accessories,890.12,4,03-04-2024
1210,Charlie,Monitor,Computers,483.51,6,02-08-2024
1211,David,Headphones,Accessories,205.7,5,01-18-2024
1212,Grace,Phone,Electronics,978.06,5,03-04-2024
1213,Liam,Headphones,Accessories,347.3,6,01-02-2024
1214,Bob,Keyboard,Accessories,865.72,7,03-22-2024
1215,Bob,Keyboard,Accessories,248.71,9,03-04-2024
1216,Olivia,Keyboard,Accessories,896.3,9,03-06-2024
1217,Isaac,Tablet,Accessories,1360.85,2,02-05-2024
1218,Liam,Printer,Accessories,588.65,10,01-04-2024
1219,Isaac,Mouse,Accessories,151.35,4,03-06-2024
1220,David,Monitor,Computers,879.46,7,02-26-2024
1221,Olivia,Printer,Accessories,483.74,8,03-29-2024
1222,David,Headphones,Accessories,260.09,5,01-26-2024
1223,Emma,Monitor,Computers,365.54,4,03-22-2024
1224,Grace,Keyboard,Accessories,534.2,1,02-27-2024
1225,Grace,Printer,Accessories,493.75,3,01-09-2024
1226,Emma,Headphones,Accessories,188.02,8,03-31-2024
1227,Bob,Laptop,Accessories,1502.58,4,03-12-2024
1228,Olivia,Mouse,Accessories,284.41,9,01-19-2024
1229,Charlie,Camera,Mobile Devices,448.4,4,01-23-2024
1230,Bob,Tablet,Accessories,397.33,5,01-24-2024
1231,Grace,Monitor,Computers,1216.72,4,02-23-2024
1232,Liam,Keyboard,Accessories,110.2,8,02-02-2024
1233,David,Keyboard,Accessories,336.86,3,02-11-2024
1234,Emma,Tablet,Accessories,917.29,5,01-18-2024
1235,Frank,Phone,Electronics,616.17,10,03-01-2024
1236,Ava,Laptop,Accessories,724.12,3,01-03-2024
1237,Isaac,Mouse,Accessories,495.04,8,01-18-2024
1238,Ava,Monitor,Computers,1210.62,10,01-10-2024
1239,Noah,Monitor,Computers,599.72,3,01-04-2024
1240,Ava,Phone,Electronics,1480.45,3,02-14-2024
1241,Ava,Monitor,Computers,1196.88,2,03-19-2024
1242,Jack,Smartwatch,Computers,454.23,2,03-08-2024
1243,Charlie,Camera,Mobile Devices,365.49,5,02-20-2024
1244,Emma,Smartwatch,Computers,684.05,7,01-03-2024
1245,Hannah,Tablet,Accessories,1301.56,2,03-17-2024
1246,Bob,Tablet,Accessories,1011.6,10,02-16-2024
1247,Noah,Phone,Electronics,1177.14,4,02-19-2024
1248,Emma,Tablet,Accessories,607.52,1,03-18-2024
1249,Noah,Laptop,Accessories,912.93,10,01-11-2024
1250,Alice,Printer,Accessories,575.11,10,01-03-2024
1251,Hannah,Monitor,Computers,1236.16,6,01-06-2024
1252,Isaac,Headphones,Accessories,240.7,9,02-24-2024
1253,Jack,Headphones,Accessories,185.59,1,02-03-2024
1254,Hannah,Smartwatch,Computers,332.7,8,01-14-2024
1255,Jack,Headphones,Accessories,341.89,7,03-05-2024
1256,Isaac,Camera,Mobile Devices,325.31,8,02-12-2024
1257,Alice,Tablet,Accessories,820.9,8,02-22-2024
1258,Sophia,Phone,Electronics,397.08,6,01-22-2024
1259,David,Smartwatch,Computers,571.17,5,01-22-2024
1260,David,Camera,Mobile Devices,1305.83,4,02-24-2024
1261,Charlie,Phone,Electronics,1091.64,4,01-16-2024
1262,David,Keyboard,Accessories,556.84,1,01-08-2024
1263,Isaac,Smartwatch,Computers,492.83,9,03-26-2024
1264,Alice,Printer,Accessories,457.62,3,01-04-2024
1265,Sophia,Printer,Accessories,437.39,2,01-12-2024
1266,Charlie,Smartwatch,Computers,531.97,7,03-13-2024
1267,Noah,Smartwatch,Computers,486.26,3,01-23-2024
1268,Emma,Tablet,Accessories,931.3,9,02-18-2024
1269,Isaac,Monitor,Computers,1291.95,10,01-11-2024
1270,Alice,Tablet,Accessories,963.17,8,01-16-2024
1271,David,Headphones,Accessories,185.47,7,01-18-2024
1272,Ava,Keyboard,Accessories,786.39,6,01-25-2024
1273,Emma,Headphones,Accessories,358.41,4,01-26-2024
1274,Hannah,Monitor,Computers,898.77,3,01-02-2024
1275,Charlie,Phone,Electronics,365.54,8,03-07-2024
1276,David,Camera,Mobile Devices,661.03,4,03-12-2024
1277,Sophia,Smartwatch,Computers,393.78,8,02-07-2024
1278,Noah,Mouse,Accessories,386.49,4,02-14-2024
1279,Ava,Laptop,Accessories,1094.3,2,03-09-2024
1280,Bob,Printer,Accessories,318.84,5,03-27-2024
1281,Noah,Printer,Accessories,299.67,5,03-22-2024
1282,Bob,Keyboard,Accessories,134.21,10,02-15-2024
1283,Bob,Tablet,Accessories,1176.17,4,01-06-2024
1284,Bob,Mouse,Accessories,484.36,8,03-05-2024
1285,Liam,Smartwatch,Computers,782.32,9,01-20-2024
1286,Sophia,Mouse,Accessories,263.09,8,03-10-2024
1287,Isaac,Headphones,Accessories,295.01,10,01-17-2024
1288,Ava,Smartwatch,Computers,416.34,2,01-13-2024
1289,Isaac,Smartwatch,Computers,743.05,5,02-28-2024
1290,Emma,Monitor,Computers,586.83,7,03-21-2024
1291,Emma,Tablet,Accessories,1069.18,8,01-28-2024
1292,Olivia,Mouse,Accessories,101.55,5,01-02-2024
1293,Olivia,Monitor,Computers,782.02,7,01-10-2024
1294,Alice,Keyboard,Accessories,718.0,6,03-21-2024
1295,Olivia,Camera,Mobile Devices,327.22,8,03-19-2024
1296,Emma,Monitor,Computers,697.92,8,01-02-2024
1297,Bob,Tablet,Accessories,437.24,9,03-15-2024
1298,Noah,Laptop,Accessories,1210.4,3,01-25-2024
1299,Ava,Laptop,Accessories,1034.42,2,03-05-2024
1300,Jack,Phone,Electronics,837.92,6,02-01-2024
1301,Emma,Smartwatch,Computers,797.69,6,01-16-2024
1302,Charlie,Tablet,Accessories,1262.86,2,01-26-2024
1303,Grace,Tablet,Accessories,1379.26,3,03-12-2024
1304,Sophia,Keyboard,Accessories,103.09,3,01-01-2024
1305,Jack,Monitor,Computers,374.32,5,01-01-2024
1306,Noah,Headphones,Accessories,292.06,2,01-05-2024
1307,Alice,Tablet,Accessories,527.84,3,02-02-2024
1308,Frank,Tablet,Accessories,1087.4,1,01-01-2024
1309,Jack,Printer,Accessories,246.43,2,03-21-2024
1310,Hannah,Mouse,Accessories,127.94,7,03-15-2024
1311,Noah,Camera,Mobile Devices,1219.13,4,03-29-2024
1312,Bob,Printer,Accessories,569.95,4,01-14-2024
1313,Hannah,Headphones,Accessories,142.99,2,01-08-2024
1314,Alice,Smartwatch,Computers,562.7,1,01-03-2024
1315,Emma,Tablet,Accessories,838.11,9,02-26-2024
1316,Isaac,Tablet,Accessories,749.78,3,01-23-2024
1317,Emma,Laptop,Accessories,1507.03,2,01-30-2024
1318,Ava,Smartwatch,Computers,338.5,9,03-06-2024
1319,Emma,Printer,Accessories,290.25,1,03-16-2024
1320,Alice,Phone,Electronics,791.06,4,01-05-2024
1321,Liam,Camera,Mobile Devices,1385.97,10,01-23-2024
1322,Frank,Monitor,Computers,394.88,8,02-12-2024
1323,David,Printer,Accessories,229.43,8,01-06-2024
1324,Noah,Mouse,Accessories,461.27,4,03-23-2024
1325,Olivia,Monitor,Computers,811.28,3,02-29-2024
1326,Noah,Laptop,Accessories,1000.42,3,02-15-2024
1327,Jack,Smartwatch,Computers,764.57,10,01-01-2024
1328,Olivia,Tablet,Accessories,564.85,5,03-23-2024
1329,Olivia,Headphones,Accessories,373.28,8,01-09-2024
1330,Olivia,Tablet,Accessories,492.17,8,02-17-2024
1331,Liam,Headphones,Accessories,246.83,1,03-10-2024
1332,Charlie,Monitor,Computers,692.94,1,02-02-2024
1333,Hannah,Laptop,Accessories,885.15,5,03-30-2024
1334,Ava,Printer,Accessories,271.79,9,03-26-2024
1335,Noah,Printer,Accessories,209.95,9,01-19-2024
1336,Isaac,Monitor,Computers,658.96,5,01-01-2024
1337,Frank,Smartwatch,Computers,544.07,4,03-06-2024
1338,Alice,Mouse,Accessories,476.97,9,03-09-2024
1339,Frank,Phone,Electronics,823.31,7,03-09-2024
1340,Jack,Keyboard,Accessories,847.25,6,01-31-2024
1341,Sophia,Headphones,Accessories,250.13,9,01-24-2024
1342,Ava,Headphones,Accessories,293.84,9,02-08-2024
1343,Olivia,Monitor,Computers,415.28,6,01-06-2024
1344,Liam,Phone,Electronics,796.04,3,01-28-2024
1345,Sophia,Keyboard,Accessories,264.18,2,01-19-2024
1346,Olivia,Monitor,Computers,924.56,6,03-12-2024
1347,Liam,Phone,Electronics,778.97,8,02-03-2024
1348,Jack,Printer,Accessories,270.27,8,01-26-2024
1349,Liam,Headphones,Accessories,171.94,9,02-17-2024
1350,David,Keyboard,Accessories,315.88,10,02-18-2024
1351,Olivia,Mouse,Accessories,567.59,8,01-18-2024
1352,Olivia,Tablet,Accessories,970.93,9,01-03-2024
1353,David,Keyboard,Accessories,761.58,4,03-22-2024
1354,Jack,Tablet,Accessories,1071.7,9,03-04-2024
1355,Alice,Mouse,Accessories,534.56,4,02-10-2024
1356,Jack,Printer,Accessories,491.32,10,01-28-2024
1357,Bob,Monitor,Computers,1006.74,7,02-15-2024
1358,Grace,Tablet,Accessories,1130.98,6,02-05-2024
1359,Alice,Laptop,Accessories,1587.36,1,03-18-2024
1360,Charlie,Laptop,Accessories,942.97,10,02-10-2024
1361,Noah,Printer,Accessories,554.8,5,01-02-2024
1362,Ava,Monitor,Computers,1123.69,9,02-11-2024
1363,Grace,Laptop,Accessories,915.86,3,03-21-2024
1364,Grace,Camera,Mobile Devices,1089.34,3,02-01-2024
1365,Grace,Laptop,Accessories,1297.75,4,01-14-2024
1366,Charlie,Smartwatch,Computers,423.55,5,01-17-2024
1367,Grace,Keyboard,Accessories,137.27,10,03-05-2024
1368,Ava,Camera,Mobile Devices,511.53,2,02-07-2024
1369,Ava,Smartwatch,Computers,664.63,6,02-10-2024
1370,Sophia,Laptop,Accessories,879.17,3,01-31-2024
1371,Hannah,Camera,Mobile Devices,1185.36,8,03-14-2024
1372,Noah,Mouse,Accessories,111.71,6,03-01-2024
1373,Emma,Phone,Electronics,1357.49,4,02-03-2024
1374,Liam,Tablet,Accessories,1391.88,9,03-17-2024
1375,Isaac,Camera,Mobile Devices,324.36,10,01-19-2024
1376,Frank,Laptop,Accessories,790.31,10,01-02-2024
1377,Olivia,Headphones,Accessories,169.49,3,03-17-2024
1378,Isaac,Printer,Accessories,385.66,6,02-28-2024
1379,Alice,Mouse,Accessories,411.24,7,03-17-2024
1380,Olivia,Monitor,Computers,405.06,6,03-25-2024
1381,Noah,Smartwatch,Computers,565.01,3,03-08-2024
1382,Charlie,Monitor,Computers,752.74,3,02-10-2024
1383,Jack,Tablet,Accessories,446.82,7,02-18-2024
1384,Jack,Phone,Electronics,819.85,8,01-27-2024
1385,Jack,Phone,Electronics,438.2,4,03-06-2024
1386,Alice,Phone,Electronics,1384.53,6,02-15-2024
1387,Alice,Monitor,Computers,845.39,7,01-10-2024
1388,David,Printer,Accessories,493.98,6,02-19-2024
1389,Jack,Phone,Electronics,1488.15,4,02-17-2024
1390,Alice,Laptop,Accessories,721.98,3,01-10-2024
1391,Bob,Headphones,Accessories,381.88,1,02-05-2024
1392,Charlie,Keyboard,Accessories,761.22,6,03-03-2024
1393,Noah,Headphones,Accessories,148.42,9,01-25-2024
1394,Alice,Keyboard,Accessories,395.05,7,03-07-2024
1395,Frank,Tablet,Accessories,822.41,7,02-13-2024
1396,Hannah,Camera,Mobile Devices,1413.6,8,01-19-2024
1397,Noah,Printer,Accessories,484.74,4,03-27-2024
1398,Bob,Keyboard,Accessories,240.66,3,03-22-2024
1399,Noah,Tablet,Accessories,821.78,1,03-07-2024
1400,Olivia,Headphones,Accessories,246.71,8,01-13-2024
1401,Liam,Mouse,Accessories,241.29,7,03-09-2024
1402,Charlie,Headphones,Accessories,160.35,10,02-17-2024
1403,Emma,Camera,Mobile Devices,1150.64,10,02-22-2024
1404,Isaac,Phone,Electronics,458.62,1,01-19-2024
1405,Charlie,Phone,Electronics,1426.07,9,01-11-2024
1406,Charlie,Mouse,Accessories,216.96,5,01-21-2024
1407,Alice,Tablet,Accessories,1107.13,10,01-30-2024
1408,Noah,Monitor,Computers,558.72,3,01-31-2024
1409,Noah,Tablet,Accessories,1087.73,2,03-23-2024
1410,David,Mouse,Accessories,254.82,10,02-13-2024
1411,Sophia,Smartwatch,Computers,589.88,1,03-25-2024
1412,Hannah,Mouse,Accessories,303.85,4,02-22-2024
1413,Hannah,Keyboard,Accessories,677.07,8,03-06-2024
1414,Bob,Headphones,Accessories,227.62,2,03-20-2024
1415,Bob,Phone,Electronics,1122.69,6,03-29-2024
1416,Emma,Camera,Mobile Devices,464.04,6,03-12-2024
1417,Emma,Tablet,Accessories,1003.7,8,01-09-2024
1418,Hannah,Phone,Electronics,987.66,5,01-19-2024
1419,Liam,Tablet,Accessories,1247.88,2,03-08-2024
1420,Sophia,Camera,Mobile Devices,450.48,3,02-26-2024
1421,Bob,Keyboard,Accessories,371.32,6,02-17-2024
1422,Grace,Laptop,Accessories,1538.18,2,01-09-2024
1423,Hannah,Laptop,Accessories,1012.8,6,02-08-2024
1424,Frank,Tablet,Accessories,1235.05,5,02-12-2024
1425,Bob,Laptop,Accessories,888.12,3,02-04-2024
1426,Frank,Monitor,Computers,570.7,4,02-21-2024
1427,Bob,Headphones,Accessories,216.15,1,02-29-2024
1428,Liam,Printer,Accessories,344.59,5,01-18-2024
1429,Grace,Camera,Mobile Devices,1330.5,4,02-11-2024
1430,Olivia,Smartwatch,Computers,321.68,3,01-13-2024
1431,Hannah,Mouse,Accessories,204.09,8,03-10-2024
1432,Hannah,Tablet,Accessories,1216.14,9,03-25-2024
1433,Bob,Phone,Electronics,551.89,1,02-02-2024
1434,Charlie,Camera,Mobile Devices,1115.51,10,02-03-2024
1435,Emma,Mouse,Accessories,342.4,3,03-11-2024
1436,David,Smartwatch,Computers,518.92,1,03-03-2024
1437,Hannah,Keyboard,Accessories,503.36,1,02-23-2024
1438,David,Camera,Mobile Devices,1010.79,5,01-30-2024
1439,Jack,Mouse,Accessories,547.27,1,03-14-2024
1440,Sophia,Headphones,Accessories,186.58,1,03-23-2024
1441,Isaac,Keyboard,Accessories,129.93,4,03-28-2024
1442,Noah,Keyboard,Accessories,236.99,4,02-26-2024
1443,Frank,Laptop,Accessories,629.76,4,01-11-2024
1444,Olivia,Camera,Mobile Devices,697.16,8,02-25-2024
1445,Isaac,Mouse,Accessories,237.11,5,01-14-2024
1446,Emma,Tablet,Accessories,400.8,7,03-04-2024
1447,Jack,Camera,Mobile Devices,406.75,7,01-03-2024
1448,Emma,Phone,Electronics,874.02,4,03-02-2024
1449,Emma,Camera,Mobile Devices,948.43,9,01-24-2024
1450,Hannah,Mouse,Accessories,139.53,3,02-10-2024
1451,Ava,Headphones,Accessories,227.83,7,02-17-2024
1452,Grace,Printer,Accessories,492.73,7,03-05-2024
1453,Charlie,Tablet,Accessories,1343.52,5,01-18-2024
1454,Charlie,Headphones,Accessories,286.63,1,03-03-2024
1455,Jack,Mouse,Accessories,102.31,3,02-12-2024
1456,Liam,Headphones,Accessories,339.43,2,02-03-2024
1457,Emma,Laptop,Accessories,622.08,6,01-09-2024
1458,Noah,Keyboard,Accessories,145.74,3,02-06-2024
1459,Jack,Smartwatch,Computers,718.52,5,01-29-2024
1460,Isaac,Keyboard,Accessories,700.26,7,02-07-2024
1461,Jack,Printer,Accessories,580.88,7,01-20-2024
1462,Liam,Tablet,Accessories,1227.66,9,01-06-2024
1463,Isaac,Headphones,Accessories,273.49,2,03-10-2024
1464,Emma,Tablet,Accessories,419.98,10,01-10-2024
1465,Hannah,Camera,Mobile Devices,549.79,4,02-11-2024
1466,Sophia,Mouse,Accessories,236.48,5,03-24-2024
1467,Noah,Smartwatch,Computers,577.59,10,03-28-2024
1468,Sophia,Keyboard,Accessories,651.84,9,03-05-2024
1469,Alice,Mouse,Accessories,152.15,10,03-08-2024
1470,Hannah,Monitor,Computers,379.39,7,02-13-2024
1471,Ava,Laptop,Accessories,1444.73,6,03-17-2024
1472,Ava,Keyboard,Accessories,643.65,6,01-14-2024
1473,Jack,Keyboard,Accessories,133.82,7,01-06-2024
1474,Hannah,Phone,Electronics,969.35,6,03-11-2024
1475,Noah,Smartwatch,Computers,543.94,5,02-08-2024
1476,Jack,Monitor,Computers,942.11,3,03-21-2024
1477,Isaac,Printer,Accessories,445.77,8,01-09-2024
1478,Liam,Printer,Accessories,449.59,9,01-22-2024
1479,Hannah,Tablet,Accessories,1230.05,4,02-19-2024
1480,Jack,Monitor,Computers,363.87,2,03-10-2024
1481,Ava,Keyboard,Accessories,518.37,4,03-11-2024
1482,David,Laptop,Accessories,986.89,5,01-11-2024
1483,Isaac,Headphones,Accessories,151.27,7,01-03-2024
1484,Sophia,Smartwatch,Computers,428.0,8,01-31-2024
1485,Charlie,Smartwatch,Computers,509.53,1,01-21-2024
1486,Bob,Laptop,Accessories,1088.66,4,01-04-2024
1487,Alice,Tablet,Accessories,1126.12,8,01-10-2024
1488,Noah,Headphones,Accessories,165.92,8,01-06-2024
1489,Charlie,Keyboard,Accessories,546.08,2,01-25-2024
1490,Sophia,Printer,Accessories,436.14,6,01-04-2024
1491,Isaac,Camera,Mobile Devices,410.08,3,03-22-2024
1492,Noah,Printer,Accessories,216.45,7,01-14-2024
1493,Jack,Smartwatch,Computers,345.2,2,03-13-2024
1494,Jack,Smartwatch,Computers,679.94,4,03-04-2024
1495,Jack,Headphones,Accessories,371.49,8,03-05-2024
1496,Sophia,Keyboard,Accessories,886.56,9,02-13-2024
1497,Jack,Camera,Mobile Devices,304.37,8,02-06-2024
1498,Sophia,Monitor,Computers,1096.1,9,03-17-2024
1499,David,Smartwatch,Computers,448.74,4,03-19-2024
1500,Liam,Camera,Mobile Devices,898.38,10,01-16-2024
1501,Grace,Mouse,Accessories,537.81,7,01-08-2024
1502,David,Monitor,Computers,1201.19,7,03-17-2024
1503,Ava,Headphones,Accessories,156.38,7,03-10-2024
1504,Jack,Monitor,Computers,624.5,8,02-20-2024
1505,Sophia,Phone,Electronics,758.96,3,03-18-2024
1506,Alice,Mouse,Accessories,197.89,4,01-30-2024
1507,Hannah,Headphones,Accessories,126.86,7,02-02-2024
1508,Hannah,Headphones,Accessories,193.86,10,03-05-2024
1509,Hannah,Tablet,Accessories,723.57,7,03-28-2024
1510,Charlie,Laptop,Accessories,1056.95,7,03-29-2024
1511,Frank,Laptop,Accessories,990.65,3,03-25-2024
1512,Ava,Headphones,Accessories,298.83,1,02-08-2024
1513,Ava,Camera,Mobile Devices,641.57,10,03-12-2024
1514,Hannah,Mouse,Accessories,246.39,8,01-06-2024
1515,Grace,Laptop,Accessories,703.42,3,03-28-2024
1516,Emma,Printer,Accessories,282.75,1,02-13-2024
1517,Grace,Mouse,Accessories,170.7,3,03-07-2024
1518,Alice,Monitor,Computers,875.47,8,02-07-2024
1519,David,Laptop,Accessories,970.96,3,03-02-2024
1520,Emma,Headphones,Accessories,296.05,7,02-28-2024
1521,Emma,Mouse,Accessories,573.75,1,01-08-2024
1522,Jack,Phone,Electronics,391.33,1,02-14-2024
1523,Liam,Camera,Mobile Devices,1314.27,5,03-05-2024
1524,Emma,Phone,Electronics,1098.76,5,03-23-2024
1525,David,Keyboard,Accessories,115.71,1,03-01-2024
1526,Charlie,Camera,Mobile Devices,1370.33,9,01-04-2024
1527,Ava,Mouse,Accessories,350.51,10,03-13-2024
1528,Frank,Tablet,Accessories,368.6,5,02-12-2024
1529,Emma,Laptop,Accessories,1566.31,4,01-07-2024
1530,Noah,Monitor,Computers,449.36,4,03-17-2024
1531,Sophia,Printer,Accessories,258.36,3,03-27-2024
1532,Alice,Camera,Mobile Devices,1282.54,4,03-10-2024
1533,Isaac,Smartwatch,Computers,717.62,7,01-28-2024
1534,Emma,Mouse,Accessories,128.02,3,02-17-2024
1535,Hannah,Monitor,Computers,351.5,6,02-19-2024
1536,Olivia,Tablet,Accessories,1284.91,3,01-03-2024
1537,Ava,Printer,Accessories,278.07,9,01-07-2024
1538,Jack,Keyboard,Accessories,149.39,10,03-15-2024
1539,Emma,Laptop,Accessories,1212.9,1,03-11-2024
1540,Ava,Tablet,Accessories,669.99,4,02-29-2024
1541,Sophia,Printer,Accessories,567.57,4,02-15-2024
1542,Jack,Camera,Mobile Devices,1192.05,8,01-07-2024
1543,Hannah,Printer,Accessories,445.79,6,01-18-2024
1544,Ava,Phone,Electronics,1120.68,6,02-22-2024
1545,Bob,Camera,Mobile Devices,765.84,9,01-11-2024
1546,Frank,Mouse,Accessories,332.17,7,01-02-2024
1547,Grace,Mouse,Accessories,371.63,10,03-15-2024
1548,Isaac,Mouse,Accessories,517.75,3,03-12-2024
1549,Liam,Laptop,Accessories,687.66,5,03-20-2024
1550,Ava,Monitor,Computers,328.8,3,03-06-2024
1551,Olivia,Headphones,Accessories,142.55,5,01-19-2024
1552,Noah,Keyboard,Accessories,274.09,10,03-08-2024
1553,Hannah,Printer,Accessories,508.29,9,03-13-2024
1554,Liam,Tablet,Accessories,898.72,3,02-27-2024
1555,Sophia,Monitor,Computers,339.65,4,02-09-2024
1556,Grace,Tablet,Accessories,1160.25,2,01-13-2024
1557,Frank,Tablet,Accessories,674.07,8,01-27-2024
1558,Grace,Printer,Accessories,502.11,1,02-03-2024
1559,Alice,Keyboard,Accessories,738.52,3,03-11-2024
1560,Frank,Keyboard,Accessories,557.18,9,01-23-2024
1561,Jack,Printer,Accessories,222.96,1,01-24-2024
1562,Charlie,Printer,Accessories,373.42,9,03-27-2024
1563,Jack,Headphones,Accessories,257.85,7,03-10-2024
1564,Grace,Laptop,Accessories,753.18,2,01-17-2024
1565,Emma,Smartwatch,Computers,385.67,8,01-15-2024
1566,Olivia,Printer,Accessories,265.94,5,02-12-2024
1567,Sophia,Camera,Mobile Devices,1473.21,2,03-24-2024
1568,Hannah,Camera,Mobile Devices,495.99,2,02-19-2024
1569,Liam,Mouse,Accessories,500.52,7,03-03-2024
1570,Bob,Mouse,Accessories,103.7,6,02-02-2024
1571,Sophia,Mouse,Accessories,286.37,10,01-19-2024
1572,Jack,Laptop,Accessories,904.69,8,01-28-2024
1573,Ava,Laptop,Accessories,615.9,8,01-19-2024
1574,Charlie,Phone,Electronics,660.56,1,01-03-2024
1575,Hannah,Phone,Electronics,1306.45,7,02-25-2024
1576,Isaac,Monitor,Computers,774.85,10,03-09-2024
1577,Isaac,Printer,Accessories,460.85,8,01-03-2024
1578,Grace,Keyboard,Accessories,518.0,3,01-01-2024
1579,Bob,Camera,Mobile Devices,423.96,4,03-11-2024
1580,Jack,Laptop,Accessories,1345.29,2,01-11-2024
1581,Grace,Keyboard,Accessories,591.15,8,02-03-2024
1582,Jack,Tablet,Accessories,567.63,2,02-05-2024
1583,Isaac,Mouse,Accessories,309.23,10,01-27-2024
1584,Liam,Headphones,Accessories,255.67,10,02-26-2024
1585,Jack,Monitor,Computers,729.28,3,01-13-2024
1586,Alice,Headphones,Accessories,175.42,4,03-14-2024
1587,Liam,Tablet,Accessories,1036.46,5,03-06-2024
1588,Alice,Laptop,Accessories,637.97,6,02-13-2024
1589,Isaac,Phone,Electronics,679.57,4,01-15-2024
1590,Sophia,Laptop,Accessories,829.24,4,02-26-2024
1591,David,Printer,Accessories,364.69,5,02-23-2024
1592,Isaac,Tablet,Accessories,871.04,2,02-17-2024
1593,Alice,Monitor,Computers,357.26,4,02-14-2024
1594,Alice,Printer,Accessories,407.13,8,01-15-2024
1595,Sophia,Headphones,Accessories,365.18,2,01-05-2024
1596,Emma,Smartwatch,Computers,727.53,6,01-29-2024
1597,Sophia,Mouse,Accessories,298.45,3,01-12-2024
1598,Emma,Camera,Mobile Devices,525.78,2,02-26-2024
1599,Ava,Mouse,Accessories,500.51,5,03-08-2024
1600,Frank,Mouse,Accessories,303.88,8,02-19-2024
1601,Isaac,Laptop,Accessories,1538.33,9,01-20-2024
1602,Hannah,Printer,Accessories,593.23,7,02-18-2024
1603,Bob,Mouse,Accessories,187.82,4,01-14-2024
1604,Hannah,Printer,Accessories,296.95,9,03-10-2024
1605,Charlie,Tablet,Accessories,592.74,2,03-05-2024
1606,Liam,Camera,Mobile Devices,366.44,5,01-09-2024
1607,Sophia,Camera,Mobile Devices,306.36,1,03-03-2024
1608,Emma,Tablet,Accessories,837.47,3,03-26-2024
1609,Liam,Laptop,Accessories,603.68,4,03-07-2024
1610,Isaac,Phone,Electronics,365.9,5,03-23-2024
1611,Sophia,Phone,Electronics,394.53,3,01-17-2024
1612,Grace,Monitor,Computers,950.34,2,01-08-2024
1613,Alice,Laptop,Accessories,1081.52,3,01-08-2024
1614,Hannah,Mouse,Accessories,279.8,7,02-25-2024
1615,Sophia,Printer,Accessories,462.94,9,02-04-2024
1616,Jack,Keyboard,Accessories,159.27,4,02-21-2024
1617,Charlie,Printer,Accessories,499.08,6,01-03-2024
1618,Alice,Camera,Mobile Devices,853.42,6,03-12-2024
1619,Olivia,Tablet,Accessories,877.92,1,01-30-2024
1620,Charlie,Camera,Mobile Devices,1160.86,8,03-09-2024
1621,Grace,Headphones,Accessories,293.47,1,01-20-2024
1622,Frank,Laptop,Accessories,1361.63,9,01-02-2024
1623,Jack,Keyboard,Accessories,259.22,10,03-02-2024
1624,Isaac,Camera,Mobile Devices,1066.07,10,03-21-2024
1625,Noah,Monitor,Computers,961.73,2,01-05-2024
1626,Alice,Smartwatch,Computers,332.35,4,03-13-2024
1627,David,Mouse,Accessories,313.98,4,03-02-2024
1628,Hannah,Keyboard,Accessories,504.81,4,03-11-2024
1629,Olivia,Smartwatch,Computers,417.48,2,01-19-2024
1630,Sophia,Smartwatch,Computers,633.99,6,01-18-2024
1631,Noah,Tablet,Accessories,474.92,5,03-25-2024
1632,Bob,Camera,Mobile Devices,397.86,1,01-05-2024
1633,Isaac,Monitor,Computers,1172.87,2,01-02-2024
1634,Charlie,Tablet,Accessories,661.5,9,01-01-2024
1635,Jack,Camera,Mobile Devices,501.53,9,03-23-2024
1636,Liam,Camera,Mobile Devices,914.54,5,01-10-2024
1637,Hannah,Headphones,Accessories,282.88,7,03-31-2024
1638,Isaac,Printer,Accessories,551.47,5,02-11-2024
1639,Hannah,Tablet,Accessories,1225.95,8,01-10-2024
1640,Liam,Phone,Electronics,412.2,4,02-09-2024
1641,Frank,Printer,Accessories,260.93,2,03-21-2024
1642,Bob,Smartwatch,Computers,541.83,7,02-08-2024
1643,Emma,Tablet,Accessories,635.38,2,03-06-2024
1644,Charlie,Smartwatch,Computers,589.08,8,03-09-2024
1645,Jack,Camera,Mobile Devices,1074.99,7,01-30-2024
1646,Hannah,Printer,Accessories,490.06,8,01-29-2024
1647,Sophia,Headphones,Accessories,252.73,7,03-19-2024
1648,Noah,Smartwatch,Computers,513.7,7,03-23-2024
1649,Ava,Mouse,Accessories,517.42,3,01-21-2024
1650,Hannah,Laptop,Accessories,934.48,3,01-03-2024
1651,Noah,Keyboard,Accessories,747.1,1,02-05-2024
1652,Isaac,Camera,Mobile Devices,1102.65,3,02-17-2024
1653,Noah,Monitor,Computers,715.12,3,01-01-2024
1654,Noah,Laptop,Accessories,1569.28,10,02-12-2024
1655,Bob,Smartwatch,Computers,375.13,4,01-08-2024
1656,Isaac,Camera,Mobile Devices,740.16,1,01-04-2024
1657,Jack,Smartwatch,Computers,325.65,2,01-15-2024
1658,David,Phone,Electronics,561.5,1,03-11-2024
1659,Noah,Phone,Electronics,618.58,5,01-30-2024
1660,Frank,Headphones,Accessories,230.1,10,02-29-2024
1661,Bob,Monitor,Computers,326.45,2,03-22-2024
1662,Frank,Camera,Mobile Devices,991.43,6,02-28-2024
1663,Frank,Tablet,Accessories,770.47,9,03-09-2024
1664,Grace,Tablet,Accessories,446.84,3,03-01-2024
1665,Isaac,Camera,Mobile Devices,1171.75,9,02-20-2024
1666,Emma,Mouse,Accessories,199.91,2,02-17-2024
1667,Jack,Monitor,Computers,994.74,7,01-23-2024
1668,Noah,Mouse,Accessories,135.05,5,02-10-2024
1669,Ava,Headphones,Accessories,358.18,10,01-19-2024
1670,Charlie,Smartwatch,Computers,608.23,4,01-14-2024
1671,Emma,Headphones,Accessories,316.08,5,02-14-2024
1672,Isaac,Camera,Mobile Devices,671.01,2,02-25-2024
1673,Grace,Smartwatch,Computers,693.56,10,02-03-2024
1674,Jack,Camera,Mobile Devices,1376.24,3,03-02-2024
1675,Ava,Tablet,Accessories,304.3,3,02-08-2024
1676,Sophia,Printer,Accessories,332.52,6,03-19-2024
1677,Charlie,Camera,Mobile Devices,1193.89,6,03-21-2024
1678,Grace,Phone,Electronics,385.0,2,01-29-2024
1679,Sophia,Phone,Electronics,467.98,4,03-16-2024
1680,Grace,Tablet,Accessories,1242.19,3,01-15-2024
1681,Grace,Headphones,Accessories,391.93,5,03-03-2024
1682,Charlie,Tablet,Accessories,388.27,3,03-06-2024
1683,Frank,Keyboard,Accessories,233.11,6,03-04-2024
1684,Emma,Monitor,Computers,646.38,4,01-16-2024
1685,Hannah,Tablet,Accessories,1190.17,1,01-07-2024
1686,David,Monitor,Computers,503.34,3,01-02-2024
1687,Jack,Printer,Accessories,365.65,10,01-02-2024
1688,Alice,Tablet,Accessories,1116.15,9,01-27-2024
1689,Sophia,Keyboard,Accessories,123.25,4,02-20-2024
1690,Grace,Keyboard,Accessories,540.59,5,03-13-2024
1691,Grace,Laptop,Accessories,1085.93,6,01-15-2024
1692,Liam,Tablet,Accessories,582.33,3,01-23-2024
1693,Charlie,Smartwatch,Computers,546.84,3,02-16-2024
1694,Grace,Headphones,Accessories,341.48,6,03-17-2024
1695,Alice,Phone,Electronics,416.46,7,01-10-2024
1696,Frank,Mouse,Accessories,367.84,6,02-01-2024
1697,David,Smartwatch,Computers,413.36,8,02-16-2024
1698,Olivia,Mouse,Accessories,372.92,8,01-15-2024
1699,Noah,Tablet,Accessories,500.32,1,01-13-2024
1700,Grace,Laptop,Accessories,1043.93,1,03-05-2024
1701,David,Keyboard,Accessories,811.33,1,02-26-2024
1702,Ava,Camera,Mobile Devices,519.78,2,01-20-2024
1703,Ava,Phone,Electronics,740.99,7,03-22-2024
1704,Noah,Phone,Electronics,544.78,9,02-06-2024
1705,David,Phone,Electronics,1136.77,5,01-21-2024
1706,Hannah,Monitor,Computers,745.3,6,02-13-2024
1707,Bob,Keyboard,Accessories,214.13,9,01-25-2024
1708,Sophia,Keyboard,Accessories,672.48,9,03-07-2024
1709,Frank,Laptop,Accessories,741.61,1,03-14-2024
1710,Grace,Mouse,Accessories,407.22,6,03-09-2024
1711,Jack,Keyboard,Accessories,316.01,8,01-20-2024
1712,Ava,Mouse,Accessories,268.68,9,03-20-2024
1713,Liam,Phone,Electronics,1416.38,8,02-19-2024
1714,Emma,Monitor,Computers,693.91,2,03-25-2024
1715,Grace,Printer,Accessories,401.32,7,01-12-2024
1716,Hannah,Monitor,Computers,705.75,4,02-07-2024
1717,Alice,Mouse,Accessories,517.91,6,01-05-2024
1718,Emma,Laptop,Accessories,1504.51,8,01-02-2024
1719,Grace,Headphones,Accessories,261.5,7,01-12-2024
1720,Jack,Printer,Accessories,544.35,1,03-09-2024
1721,Liam,Headphones,Accessories,160.46,5,02-18-2024
1722,Sophia,Monitor,Computers,443.2,9,03-29-2024
1723,Grace,Keyboard,Accessories,497.01,7,03-10-2024
1724,Isaac,Monitor,Computers,635.15,2,02-15-2024
1725,Ava,Monitor,Computers,375.17,3,03-07-2024
1726,Alice,Tablet,Accessories,683.58,1,03-09-2024
1727,Grace,Printer,Accessories,395.17,9,01-19-2024
1728,Alice,Printer,Accessories,528.92,1,03-31-2024
1729,Ava,Monitor,Computers,1220.7,5,01-09-2024
1730,Hannah,Laptop,Accessories,1381.3,4,03-28-2024
1731,Liam,Tablet,Accessories,348.9,10,01-13-2024
1732,Emma,Laptop,Accessories,1351.96,10,02-09-2024
1733,Olivia,Printer,Accessories,380.6,7,03-27-2024
1734,Noah,Monitor,Computers,1002.31,1,01-04-2024
1735,Jack,Keyboard,Accessories,442.57,3,02-07-2024
1736,Ava,Mouse,Accessories,459.48,2,01-04-2024
1737,Bob,Headphones,Accessories,378.8,9,01-30-2024
1738,Emma,Mouse,Accessories,346.99,1,01-06-2024
1739,Emma,Camera,Mobile Devices,878.53,9,01-23-2024
1740,Emma,Printer,Accessories,264.01,10,03-05-2024
1741,David,Laptop,Accessories,718.07,2,02-06-2024
1742,Grace,Mouse,Accessories,259.16,5,03-27-2024
1743,Hannah,Laptop,Accessories,798.93,1,03-14-2024
1744,Jack,Tablet,Accessories,827.01,3,02-23-2024
1745,Liam,Laptop,Accessories,790.73,3,03-10-2024
1746,Charlie,Tablet,Accessories,930.57,9,03-09-2024
1747,Ava,Laptop,Accessories,1511.48,1,02-10-2024
1748,Charlie,Phone,Electronics,1118.83,5,03-11-2024
1749,Isaac,Mouse,Accessories,582.69,8,03-23-2024
1750,Grace,Camera,Mobile Devices,682.72,5,01-24-2024
1751,Ava,Tablet,Accessories,1369.63,4,01-20-2024
1752,Bob,Keyboard,Accessories,759.25,1,03-09-2024
1753,Bob,Tablet,Accessories,886.93,4,01-24-2024
1754,Bob,Smartwatch,Computers,339.39,3,03-16-2024
1755,Grace,Keyboard,Accessories,811.64,10,02-07-2024
1756,Ava,Headphones,Accessories,125.1,10,02-13-2024
1757,Ava,Camera,Mobile Devices,883.84,1,02-11-2024
1758,Sophia,Camera,Mobile Devices,958.95,9,03-08-2024
1759,Grace,Monitor,Computers,947.63,8,02-13-2024
1760,Sophia,Keyboard,Accessories,209.96,5,03-22-2024
1761,Emma,Mouse,Accessories,538.95,7,02-10-2024
1762,Bob,Laptop,Accessories,874.71,2,02-22-2024
1763,Jack,Keyboard,Accessories,230.62,7,02-26-2024
1764,Isaac,Smartwatch,Computers,339.78,9,03-09-2024
1765,David,Smartwatch,Computers,593.01,6,02-13-2024
1766,Olivia,Headphones,Accessories,154.06,5,03-06-2024
1767,Isaac,Tablet,Accessories,566.98,2,01-02-2024
1768,Frank,Keyboard,Accessories,812.52,7,03-16-2024
1769,Charlie,Keyboard,Accessories,851.06,3,01-26-2024
1770,Grace,Phone,Electronics,1207.4,9,01-03-2024
1771,Isaac,Headphones,Accessories,386.37,8,01-27-2024
1772,Jack,Headphones,Accessories,347.8,8,01-22-2024
1773,Frank,Camera,Mobile Devices,327.98,2,01-14-2024
1774,Hannah,Phone,Electronics,384.1,2,02-16-2024
1775,Alice,Tablet,Accessories,1224.43,10,01-14-2024
1776,Noah,Monitor,Computers,760.13,9,01-19-2024
1777,Hannah,Printer,Accessories,575.6,6,01-09-2024
1778,Olivia,Mouse,Accessories,220.07,5,01-27-2024
1779,Alice,Tablet,Accessories,645.75,6,02-27-2024
1780,Liam,Smartwatch,Computers,489.84,9,03-08-2024
1781,Charlie,Phone,Electronics,1107.59,5,03-25-2024
1782,David,Smartwatch,Computers,549.0,6,02-25-2024
1783,Hannah,Keyboard,Accessories,289.8,1,01-13-2024
1784,Bob,Laptop,Accessories,1369.17,3,01-20-2024
1785,Hannah,Keyboard,Accessories,350.2,5,01-12-2024
1786,Liam,Tablet,Accessories,349.13,10,01-20-2024
1787,Charlie,Headphones,Accessories,310.98,1,01-01-2024
1788,Olivia,Tablet,Accessories,1058.19,3,03-16-2024
1789,Ava,Monitor,Computers,386.36,5,03-10-2024
1790,Grace,Tablet,Accessories,1387.93,3,03-03-2024
1791,Hannah,Phone,Electronics,1283.36,2,01-20-2024
1792,Bob,Laptop,Accessories,620.52,5,03-17-2024
1793,Charlie,Printer,Accessories,240.35,7,03-28-2024
1794,Noah,Monitor,Computers,859.4,10,03-16-2024
1795,Grace,Printer,Accessories,202.25,6,01-24-2024
1796,Noah,Printer,Accessories,311.93,8,01-16-2024
1797,Emma,Printer,Accessories,392.76,4,01-18-2024
1798,Bob,Phone,Electronics,419.87,5,01-14-2024
1799,Bob,Laptop,Accessories,1183.79,7,03-08-2024
1800,Olivia,Keyboard,Accessories,304.04,1,01-24-2024
1801,David,Phone,Electronics,1043.19,1,03-19-2024
1802,Noah,Headphones,Accessories,105.05,8,02-18-2024
1803,Hannah,Tablet,Accessories,672.6,3,02-21-2024
1804,Frank,Printer,Accessories,555.0,5,03-29-2024
1805,Hannah,Phone,Electronics,766.47,10,02-05-2024
1806,Noah,Headphones,Accessories,166.45,8,01-17-2024
1807,Ava,Smartwatch,Computers,755.37,7,01-20-2024
1808,David,Printer,Accessories,300.96,5,01-31-2024
1809,Alice,Camera,Mobile Devices,1186.61,10,02-20-2024
1810,Olivia,Smartwatch,Computers,792.39,2,02-02-2024
1811,Jack,Camera,Mobile Devices,1218.13,7,01-03-2024
1812,Bob,Tablet,Accessories,673.95,9,01-02-2024
1813,Jack,Headphones,Accessories,339.3,1,03-07-2024
1814,Frank,Laptop,Accessories,1171.53,2,01-29-2024
1815,Bob,Camera,Mobile Devices,1047.75,2,01-11-2024
1816,Hannah,Printer,Accessories,598.31,3,03-04-2024
1817,Grace,Laptop,Accessories,964.28,10,01-08-2024
1818,Jack,Laptop,Accessories,949.04,8,02-27-2024
1819,Alice,Laptop,Accessories,1394.12,4,01-07-2024
1820,David,Smartwatch,Computers,491.65,4,02-05-2024
1821,Alice,Keyboard,Accessories,789.71,2,03-19-2024
1822,Ava,Laptop,Accessories,1118.19,4,03-18-2024
1823,Olivia,Camera,Mobile Devices,501.5,10,01-12-2024
1824,Sophia,Laptop,Accessories,748.79,2,03-02-2024
1825,Liam,Laptop,Accessories,827.67,7,03-18-2024
1826,Hannah,Smartwatch,Computers,662.98,1,02-21-2024
1827,Grace,Laptop,Accessories,1079.23,10,02-27-2024
1828,Frank,Monitor,Computers,601.31,5,01-26-2024
1829,Grace,Laptop,Accessories,1166.35,6,03-21-2024
1830,Isaac,Printer,Accessories,273.8,7,03-27-2024
1831,Sophia,Monitor,Computers,585.73,9,01-18-2024
1832,Jack,Phone,Electronics,1023.18,6,01-12-2024
1833,Jack,Mouse,Accessories,187.45,8,02-16-2024
1834,Sophia,Printer,Accessories,278.62,3,01-01-2024
1835,Emma,Headphones,Accessories,245.73,6,01-31-2024
1836,Emma,Laptop,Accessories,876.72,9,01-05-2024
1837,Jack,Smartwatch,Computers,773.31,1,01-02-2024
1838,Liam,Mouse,Accessories,477.8,4,02-16-2024
1839,Sophia,Smartwatch,Computers,339.04,5,03-22-2024
1840,Alice,Monitor,Computers,771.9,7,01-19-2024
1841,Sophia,Tablet,Accessories,798.76,8,03-07-2024
1842,Jack,Headphones,Accessories,356.95,3,02-14-2024
1843,Frank,Printer,Accessories,400.03,10,02-17-2024
1844,Isaac,Monitor,Computers,1109.96,6,01-11-2024
1845,Jack,Camera,Mobile Devices,1467.69,9,03-10-2024
1846,Liam,Mouse,Accessories,314.64,10,01-06-2024
1847,Frank,Mouse,Accessories,519.28,7,03-28-2024
1848,Charlie,Laptop,Accessories,1460.54,4,02-06-2024
1849,David,Headphones,Accessories,378.84,1,03-16-2024
1850,Olivia,Camera,Mobile Devices,1042.48,10,03-21-2024
1851,Hannah,Monitor,Computers,564.47,2,03-15-2024
1852,Hannah,Laptop,Accessories,1342.01,7,03-11-2024
1853,Liam,Monitor,Computers,788.32,6,02-06-2024
1854,Frank,Headphones,Accessories,248.85,2,01-12-2024
1855,Ava,Laptop,Accessories,1493.47,2,01-18-2024
1856,Alice,Keyboard,Accessories,460.59,3,02-17-2024
1857,Isaac,Camera,Mobile Devices,417.44,4,03-01-2024
1858,Alice,Headphones,Accessories,268.16,6,02-23-2024
1859,Frank,Mouse,Accessories,193.48,10,03-23-2024
1860,Alice,Monitor,Computers,1218.52,3,02-16-2024
1861,Charlie,Keyboard,Accessories,522.59,10,03-31-2024
1862,Noah,Mouse,Accessories,236.98,10,01-27-2024
1863,Hannah,Keyboard,Accessories,263.27,5,03-22-2024
1864,Emma,Monitor,Computers,751.31,10,02-11-2024
1865,Liam,Headphones,Accessories,163.75,5,02-21-2024
1866,Liam,Camera,Mobile Devices,813.34,7,03-08-2024
1867,Emma,Headphones,Accessories,243.92,6,03-15-2024
1868,Alice,Phone,Electronics,812.32,1,01-31-2024
1869,Olivia,Printer,Accessories,217.76,9,01-31-2024
1870,Noah,Camera,Mobile Devices,1033.36,9,02-26-2024
1871,Liam,Camera,Mobile Devices,788.19,9,02-04-2024
1872,Isaac,Printer,Accessories,415.37,3,02-29-2024
1873,Alice,Smartwatch,Computers,414.99,2,02-10-2024
1874,Liam,Laptop,Accessories,659.18,2,03-01-2024
1875,Emma,Headphones,Accessories,154.85,5,01-26-2024
1876,Liam,Printer,Accessories,365.96,6,01-31-2024
1877,Alice,Tablet,Accessories,628.67,7,03-11-2024
1878,Ava,Headphones,Accessories,253.23,4,02-19-2024
1879,Ava,Keyboard,Accessories,648.85,6,03-25-2024
1880,Liam,Headphones,Accessories,233.98,8,02-12-2024
1881,Alice,Phone,Electronics,1196.13,4,03-12-2024
1882,Grace,Tablet,Accessories,1111.48,2,03-29-2024
1883,Liam,Camera,Mobile Devices,1154.03,3,03-24-2024
1884,Bob,Headphones,Accessories,387.6,3,03-07-2024
1885,Noah,Phone,Electronics,971.36,6,03-17-2024
1886,Hannah,Headphones,Accessories,296.09,2,03-04-2024
1887,Ava,Smartwatch,Computers,457.1,6,01-31-2024
1888,David,Keyboard,Accessories,317.21,3,01-29-2024
1889,Grace,Camera,Mobile Devices,409.41,4,02-09-2024
1890,Ava,Keyboard,Accessories,171.9,4,03-10-2024
1891,Sophia,Tablet,Accessories,546.71,2,02-21-2024
1892,Charlie,Headphones,Accessories,302.59,7,03-22-2024
1893,Hannah,Tablet,Accessories,854.23,1,03-06-2024
1894,Charlie,Tablet,Accessories,1310.97,5,03-08-2024
1895,Charlie,Keyboard,Accessories,305.84,8,03-01-2024
1896,David,Smartwatch,Computers,331.51,7,02-25-2024
1897,Isaac,Mouse,Accessories,334.26,2,03-30-2024
1898,Ava,Camera,Mobile Devices,642.21,10,01-07-2024
1899,Jack,Phone,Electronics,1332.48,2,02-09-2024
1900,Bob,Keyboard,Accessories,675.26,6,01-17-2024
1901,Grace,Printer,Accessories,218.19,7,01-14-2024
1902,Emma,Mouse,Accessories,351.09,8,01-04-2024
1903,Olivia,Monitor,Computers,721.25,1,01-04-2024
1904,Bob,Printer,Accessories,312.89,3,02-08-2024
1905,Isaac,Phone,Electronics,1179.01,3,02-13-2024
1906,Grace,Tablet,Accessories,1238.96,3,02-16-2024
1907,Frank,Tablet,Accessories,1295.39,2,03-14-2024
1908,Sophia,Mouse,Accessories,335.3,10,03-15-2024
1909,Liam,Camera,Mobile Devices,597.08,4,01-08-2024
1910,David,Smartwatch,Computers,391.19,8,01-18-2024
1911,Hannah,Printer,Accessories,538.54,3,01-11-2024
1912,Noah,Laptop,Accessories,937.54,1,03-15-2024
1913,Hannah,Monitor,Computers,490.21,4,03-16-2024
1914,Ava,Camera,Mobile Devices,401.91,3,03-17-2024
1915,Olivia,Printer,Accessories,278.56,7,01-10-2024
1916,Charlie,Smartwatch,Computers,323.92,1,03-12-2024
1917,Noah,Phone,Electronics,512.4,2,01-16-2024
1918,Charlie,Camera,Mobile Devices,1004.85,7,01-06-2024
1919,Sophia,Keyboard,Accessories,894.74,10,02-23-2024
1920,Sophia,Mouse,Accessories,162.94,1,03-28-2024
1921,Hannah,Keyboard,Accessories,124.93,9,02-07-2024
1922,Emma,Smartwatch,Computers,300.94,1,02-14-2024
1923,Frank,Smartwatch,Computers,595.23,2,03-16-2024
1924,Alice,Monitor,Computers,634.51,9,02-04-2024
1925,Frank,Mouse,Accessories,113.37,3,03-28-2024
1926,Emma,Laptop,Accessories,1589.76,4,01-14-2024
1927,Noah,Camera,Mobile Devices,928.87,2,02-10-2024
1928,Emma,Laptop,Accessories,928.89,7,02-08-2024
1929,Grace,Laptop,Accessories,1203.98,2,02-21-2024
1930,Olivia,Monitor,Computers,1053.73,3,01-16-2024
1931,Olivia,Keyboard,Accessories,617.13,6,02-19-2024
1932,David,Smartwatch,Computers,428.21,7,02-13-2024
1933,Alice,Laptop,Accessories,912.27,3,01-12-2024
1934,Alice,Tablet,Accessories,428.07,5,03-07-2024
1935,Hannah,Tablet,Accessories,1093.24,3,03-28-2024
1936,Emma,Headphones,Accessories,227.92,6,02-01-2024
1937,Olivia,Mouse,Accessories,117.31,5,01-09-2024
1938,Noah,Tablet,Accessories,1285.25,10,02-19-2024
1939,Charlie,Mouse,Accessories,309.55,6,03-19-2024
1940,Ava,Headphones,Accessories,396.11,7,03-09-2024
1941,Olivia,Laptop,Accessories,1545.8,2,02-13-2024
1942,Grace,Smartwatch,Computers,511.28,6,03-01-2024
1943,Olivia,Phone,Electronics,937.07,8,01-26-2024
1944,Grace,Printer,Accessories,420.56,7,01-13-2024
1945,Frank,Phone,Electronics,914.76,8,03-17-2024
1946,Bob,Phone,Electronics,980.52,2,01-18-2024
1947,Alice,Headphones,Accessories,296.38,1,03-28-2024
1948,Hannah,Keyboard,Accessories,764.01,9,03-10-2024
1949,Sophia,Laptop,Accessories,654.65,6,02-16-2024
1950,Olivia,Phone,Electronics,570.9,2,03-31-2024
1951,Alice,Phone,Electronics,1109.26,7,02-19-2024
1952,Alice,Monitor,Computers,414.9,7,02-03-2024
1953,Ava,Smartwatch,Computers,730.35,2,03-11-2024
1954,Olivia,Keyboard,Accessories,898.25,8,03-24-2024
1955,Sophia,Headphones,Accessories,212.71,3,03-28-2024
1956,Ava,Printer,Accessories,531.31,10,03-31-2024
1957,Olivia,Mouse,Accessories,484.31,1,01-26-2024
1958,Jack,Headphones,Accessories,238.18,7,01-18-2024
1959,Hannah,Printer,Accessories,339.44,3,01-27-2024
1960,Noah,Headphones,Accessories,170.89,2,03-16-2024
1961,Emma,Headphones,Accessories,338.6,3,03-04-2024
1962,Emma,Printer,Accessories,428.83,6,03-17-2024
1963,Alice,Smartwatch,Computers,587.87,8,01-11-2024
1964,Charlie,Printer,Accessories,455.03,9,02-08-2024
1965,Ava,Keyboard,Accessories,363.47,9,03-05-2024
1966,Hannah,Headphones,Accessories,179.25,6,01-21-2024
1967,Frank,Camera,Mobile Devices,619.71,3,01-02-2024
1968,Emma,Monitor,Computers,963.52,4,01-30-2024
1969,Sophia,Laptop,Accessories,971.67,5,02-06-2024
1970,Emma,Laptop,Accessories,988.67,6,01-13-2024
1971,Grace,Keyboard,Accessories,685.73,9,01-17-2024
1972,Hannah,Keyboard,Accessories,487.67,6,01-30-2024
1973,Alice,Phone,Electronics,1475.19,5,03-18-2024
1974,Charlie,Camera,Mobile Devices,1172.69,1,01-06-2024
1975,Grace,Printer,Accessories,254.77,2,03-07-2024
1976,Hannah,Mouse,Accessories,330.3,9,02-06-2024
1977,Sophia,Laptop,Accessories,762.09,10,01-17-2024
1978,David,Tablet,Accessories,1199.11,5,03-04-2024
1979,Liam,Keyboard,Accessories,578.77,5,01-08-2024
1980,Isaac,Printer,Accessories,311.01,5,01-06-2024
1981,Frank,Camera,Mobile Devices,1383.85,7,03-12-2024
1982,Alice,Camera,Mobile Devices,684.67,8,01-10-2024
1983,Hannah,Smartwatch,Computers,410.9,1,03-25-2024
1984,Hannah,Smartwatch,Computers,717.66,9,03-01-2024
1985,Noah,Smartwatch,Computers,676.99,6,02-06-2024
1986,Ava,Printer,Accessories,462.89,9,02-26-2024
1987,Jack,Phone,Electronics,1138.65,8,03-22-2024
1988,Olivia,Printer,Accessories,252.19,7,03-31-2024
1989,Noah,Laptop,Accessories,911.18,6,03-22-2024
1990,Frank,Keyboard,Accessories,734.39,8,03-18-2024
1991,Isaac,Mouse,Accessories,315.6,5,03-08-2024
1992,Jack,Smartwatch,Computers,573.83,6,02-06-2024
1993,Alice,Keyboard,Accessories,534.38,3,02-11-2024
1994,David,Camera,Mobile Devices,463.36,5,03-14-2024
1995,Grace,Laptop,Accessories,1512.84,1,02-12-2024
1996,Bob,Tablet,Accessories,950.31,2,02-09-2024
1997,Ava,Mouse,Accessories,420.49,4,01-13-2024
1998,Charlie,Headphones,Accessories,304.16,6,01-22-2024
1999,Ava,Laptop,Accessories,1205.74,10,02-02-2024
2000,Olivia,Printer,Accessories,320.26,5,02-13-2024
2001,Sophia,Monitor,Computers,1005.25,4,01-06-2024
2002,Ava,Headphones,Accessories,219.48,1,03-20-2024
2003,Frank,Keyboard,Accessories,246.36,2,03-11-2024
2004,Bob,Keyboard,Accessories,636.26,5,01-21-2024
2005,Liam,Headphones,Accessories,111.57,9,02-05-2024
2006,David,Phone,Electronics,1281.34,10,02-16-2024
2007,Noah,Mouse,Accessories,361.71,3,02-25-2024
2008,Bob,Monitor,Computers,639.18,9,03-14-2024
2009,Jack,Headphones,Accessories,210.36,2,01-27-2024
2010,Liam,Smartwatch,Computers,735.49,6,01-27-2024
2011,Ava,Headphones,Accessories,347.5,8,03-03-2024
2012,Liam,Smartwatch,Computers,608.72,5,03-19-2024
2013,Charlie,Headphones,Accessories,111.69,1,02-05-2024
2014,Hannah,Laptop,Accessories,1112.32,9,03-24-2024
2015,Alice,Laptop,Accessories,996.49,3,03-06-2024
2016,Grace,Tablet,Accessories,1098.16,7,03-16-2024
2017,Isaac,Camera,Mobile Devices,1030.89,8,03-01-2024
2018,Liam,Monitor,Computers,960.97,2,02-25-2024
2019,Grace,Mouse,Accessories,226.99,6,02-27-2024
2020,Bob,Smartwatch,Computers,779.86,2,01-03-2024
2021,Grace,Tablet,Accessories,1368.1,9,01-15-2024
2022,Liam,Printer,Accessories,222.02,4,02-02-2024
2023,Liam,Monitor,Computers,494.16,8,03-01-2024
2024,Liam,Mouse,Accessories,587.13,9,01-30-2024
2025,Jack,Laptop,Accessories,977.79,5,03-24-2024
2026,Olivia,Smartwatch,Computers,700.03,10,02-03-2024
2027,Emma,Headphones,Accessories,187.73,5,03-03-2024
2028,Ava,Laptop,Accessories,923.19,5,02-11-2024
2029,Bob,Headphones,Accessories,178.62,6,01-19-2024
2030,Sophia,Printer,Accessories,478.99,7,02-23-2024
2031,Hannah,Headphones,Accessories,111.73,8,02-06-2024
2032,Frank,Monitor,Computers,462.82,6,03-08-2024
2033,Frank,Tablet,Accessories,921.49,10,03-21-2024
2034,Ava,Headphones,Accessories,390.69,2,02-12-2024
2035,Frank,Smartwatch,Computers,690.0,4,01-29-2024
2036,Grace,Tablet,Accessories,734.42,10,01-01-2024
2037,Sophia,Monitor,Computers,1126.12,10,01-07-2024
2038,Alice,Monitor,Computers,405.5,6,03-17-2024
2039,Liam,Camera,Mobile Devices,1453.99,8,01-09-2024
2040,Bob,Tablet,Accessories,465.24,3,01-23-2024
2041,Liam,Smartwatch,Computers,447.72,2,02-05-2024
2042,Hannah,Monitor,Computers,1015.33,9,03-12-2024
2043,Liam,Printer,Accessories,523.29,6,03-15-2024
2044,Olivia,Camera,Mobile Devices,364.32,8,02-01-2024
2045,Noah,Printer,Accessories,254.38,5,03-09-2024
2046,Sophia,Camera,Mobile Devices,471.7,6,01-22-2024
2047,Noah,Headphones,Accessories,288.79,1,03-18-2024
2048,David,Tablet,Accessories,1280.65,9,02-12-2024
2049,Emma,Tablet,Accessories,549.33,8,03-09-2024
2050,Noah,Phone,Electronics,563.26,1,03-16-2024
